interval,time,sent_kbps,recv_kbps
0,2025-11-17 10:06:15,115.944,130.0
1,2025-11-17 10:06:16,336.376,464.216
2,2025-11-17 10:06:17,370.424,502.432
3,2025-11-17 10:06:18,443.664,490.808
4,2025-11-17 10:06:19,524.304,314.168
5,2025-11-17 10:06:20,350.992,317.544
6,2025-11-17 10:06:21,324.68,355.68
7,2025-11-17 10:06:22,325.04,327.592
8,2025-11-17 10:06:23,313.256,323.544
9,2025-11-17 10:06:24,330.032,326.8
10,2025-11-17 10:06:25,334.448,373.736
11,2025-11-17 10:06:26,390.792,332.576
12,2025-11-17 10:06:27,363.264,339.144
13,2025-11-17 10:06:28,332.44,341.32
14,2025-11-17 10:06:29,365.36,369.208
15,2025-11-17 10:06:30,344.792,419.008
16,2025-11-17 10:06:31,355.24,364.264
17,2025-11-17 10:06:32,427.464,415.504
18,2025-11-17 10:06:33,432.032,411.84
19,2025-11-17 10:06:34,327.648,370.528
20,2025-11-17 10:06:35,426.888,483.632
21,2025-11-17 10:06:36,339.696,390.864
22,2025-11-17 10:06:37,319.904,439.456
23,2025-11-17 10:06:38,391.312,451.0
24,2025-11-17 10:06:39,389.632,469.36
25,2025-11-17 10:06:40,402.84,400.176
26,2025-11-17 10:06:41,378.592,472.4
27,2025-11-17 10:06:42,389.4,470.912
28,2025-11-17 10:06:43,399.856,420.208
29,2025-11-17 10:06:44,360.44,372.968
30,2025-11-17 10:06:45,310.952,432.664
31,2025-11-17 10:06:46,327.864,387.744
32,2025-11-17 10:06:47,382.368,382.56
33,2025-11-17 10:06:48,310.384,387.96
34,2025-11-17 10:06:49,401.048,395.768
35,2025-11-17 10:06:50,347.6,411.84
36,2025-11-17 10:06:51,379.704,388.472
37,2025-11-17 10:06:52,355.432,429.992
38,2025-11-17 10:06:53,354.608,436.136
39,2025-11-17 10:06:54,352.584,451.376
40,2025-11-17 10:06:55,457.608,411.304
41,2025-11-17 10:06:56,376.112,441.544
42,2025-11-17 10:06:57,327.096,457.544
43,2025-11-17 10:06:58,361.384,454.68
44,2025-11-17 10:06:59,402.976,462.944
45,2025-11-17 10:07:00,346.088,406.072
46,2025-11-17 10:07:01,365.632,465.544
47,2025-11-17 10:07:02,386.688,441.592
48,2025-11-17 10:07:03,569.536,331.048
49,2025-11-17 10:07:04,357.688,325.872
50,2025-11-17 10:07:05,336.192,361.2
51,2025-11-17 10:07:06,299.552,359.832
52,2025-11-17 10:07:07,333.408,365.76
53,2025-11-17 10:07:08,357.768,365.56
54,2025-11-17 10:07:09,359.96,398.752
55,2025-11-17 10:07:10,350.344,391.552
56,2025-11-17 10:07:11,374.616,373.232
57,2025-11-17 10:07:12,344.184,409.744
58,2025-11-17 10:07:13,355.12,420.496
59,2025-11-17 10:07:14,357.928,426.272
60,2025-11-17 10:07:15,373.232,399.216
61,2025-11-17 10:07:16,435.52,458.64
62,2025-11-17 10:07:17,375.432,476.648
63,2025-11-17 10:07:18,345.952,416.608
64,2025-11-17 10:07:19,372.672,373.392
65,2025-11-17 10:07:20,447.008,449.432
66,2025-11-17 10:07:21,400.144,419.624
67,2025-11-17 10:07:22,445.544,420.864
68,2025-11-17 10:07:23,367.032,428.832
69,2025-11-17 10:07:24,478.552,472.144
70,2025-11-17 10:07:25,335.696,382.304
71,2025-11-17 10:07:26,424.12,426.888
72,2025-11-17 10:07:27,368.144,384.112
73,2025-11-17 10:07:28,310.632,410.952
74,2025-11-17 10:07:29,502.464,414.2
75,2025-11-17 10:07:30,369.416,424.104
76,2025-11-17 10:07:31,361.952,405.12
77,2025-11-17 10:07:32,324.032,414.24
78,2025-11-17 10:07:33,413.328,445.2
79,2025-11-17 10:07:34,385.144,415.072
80,2025-11-17 10:07:35,378.592,457.144
81,2025-11-17 10:07:36,390.568,398.312
82,2025-11-17 10:07:37,393.36,477.944
83,2025-11-17 10:07:38,295.696,445.384
84,2025-11-17 10:07:39,293.192,435.6
85,2025-11-17 10:07:40,288.448,396.36
86,2025-11-17 10:07:41,309.496,434.552
87,2025-11-17 10:07:42,280.608,434.456
88,2025-11-17 10:07:43,386.856,462.272
89,2025-11-17 10:07:44,308.616,396.072
90,2025-11-17 10:07:45,295.568,432.056
91,2025-11-17 10:07:46,369.096,397.848
92,2025-11-17 10:07:47,326.632,354.056
93,2025-11-17 10:07:48,321.384,461.128
94,2025-11-17 10:07:49,316.104,436.992
95,2025-11-17 10:07:50,363.256,444.6
96,2025-11-17 10:07:51,316.336,483.144
97,2025-11-17 10:07:52,317.768,455.712
98,2025-11-17 10:07:53,356.192,413.336
99,2025-11-17 10:07:54,315.216,391.144
100,2025-11-17 10:07:55,328.128,470.752
101,2025-11-17 10:07:56,327.848,501.616
102,2025-11-17 10:07:57,360.872,461.856
103,2025-11-17 10:07:58,310.84,345.84
104,2025-11-17 10:07:59,301.136,334.472
105,2025-11-17 10:08:00,300.664,370.32
106,2025-11-17 10:08:01,295.064,357.232
107,2025-11-17 10:08:02,294.344,384.792
108,2025-11-17 10:08:03,320.616,369.552
109,2025-11-17 10:08:04,362.496,390.864
110,2025-11-17 10:08:05,315.568,396.496
111,2025-11-17 10:08:06,302.28,392.288
112,2025-11-17 10:08:07,383.864,443.576
113,2025-11-17 10:08:08,335.4,399.44
114,2025-11-17 10:08:09,357.368,412.032
115,2025-11-17 10:08:10,336.232,461.32
116,2025-11-17 10:08:11,386.024,435.984
117,2025-11-17 10:08:12,353.8,457.712
118,2025-11-17 10:08:13,318.752,498.584
119,2025-11-17 10:08:14,424.784,462.432
120,2025-11-17 10:08:15,370.352,433.504
121,2025-11-17 10:08:16,316.544,533.912
122,2025-11-17 10:08:17,454.184,470.008
123,2025-11-17 10:08:18,412.352,434.56
124,2025-11-17 10:08:19,385.184,430.648
125,2025-11-17 10:08:20,358.688,441.184
126,2025-11-17 10:08:21,403.064,379.472
127,2025-11-17 10:08:22,484.968,441.984
128,2025-11-17 10:08:23,319.952,398.408
129,2025-11-17 10:08:24,315.536,422.544
130,2025-11-17 10:08:25,369.672,426.976
131,2025-11-17 10:08:26,288.752,421.168
132,2025-11-17 10:08:27,335.664,401.352
133,2025-11-17 10:08:28,309.136,413.12
134,2025-11-17 10:08:29,285.112,500.056
135,2025-11-17 10:08:30,330.328,470.952
136,2025-11-17 10:08:31,300.648,447.768
137,2025-11-17 10:08:32,352.232,447.776
138,2025-11-17 10:08:33,298.12,400.728
139,2025-11-17 10:08:34,294.16,454.224
140,2025-11-17 10:08:35,271.848,474.792
141,2025-11-17 10:08:36,286.336,455.632
142,2025-11-17 10:08:37,291.072,453.36
143,2025-11-17 10:08:38,277.52,461.28
144,2025-11-17 10:08:39,301.488,445.608
145,2025-11-17 10:08:40,299.68,468.328
146,2025-11-17 10:08:41,272.016,455.544
147,2025-11-17 10:08:42,269.24,448.752
148,2025-11-17 10:08:43,266.256,477.344
149,2025-11-17 10:08:44,269.368,405.352
150,2025-11-17 10:08:45,268.856,389.08
151,2025-11-17 10:08:46,332.368,414.832
152,2025-11-17 10:08:47,285.072,407.368
153,2025-11-17 10:08:48,285.968,431.584
154,2025-11-17 10:08:49,279.864,404.432
155,2025-11-17 10:08:50,332.12,414.432
156,2025-11-17 10:08:51,302.864,405.384
157,2025-11-17 10:08:52,310.784,443.296
158,2025-11-17 10:08:53,344.28,448.52
159,2025-11-17 10:08:54,305.808,478.152
160,2025-11-17 10:08:55,302.648,448.712
161,2025-11-17 10:08:56,334.4,477.88
162,2025-11-17 10:08:57,330.888,471.752
163,2025-11-17 10:08:58,356.984,439.008
164,2025-11-17 10:08:59,300.752,512.368
165,2025-11-17 10:09:00,357.368,497.96
166,2025-11-17 10:09:01,287.088,475.544
167,2025-11-17 10:09:02,288.4,416.8
168,2025-11-17 10:09:03,282.64,430.864
169,2025-11-17 10:09:04,296.312,460.976
170,2025-11-17 10:09:05,280.632,506.824
171,2025-11-17 10:09:06,280.888,406.76
172,2025-11-17 10:09:07,313.368,415.512
173,2025-11-17 10:09:08,287.408,438.712
174,2025-11-17 10:09:09,276.112,453.84
175,2025-11-17 10:09:10,275.256,452.904
176,2025-11-17 10:09:11,313.432,432.728
177,2025-11-17 10:09:12,291.728,429.528
178,2025-11-17 10:09:13,280.888,464.752
179,2025-11-17 10:09:14,381.704,397.136
180,2025-11-17 10:09:15,321.608,438.392
181,2025-11-17 10:09:16,275.552,479.32
182,2025-11-17 10:09:17,282.456,405.976
183,2025-11-17 10:09:18,289.328,421.112
184,2025-11-17 10:09:19,275.984,417.728
185,2025-11-17 10:09:20,273.464,411.512
186,2025-11-17 10:09:21,366.736,369.76
187,2025-11-17 10:09:22,296.832,386.24
188,2025-11-17 10:09:23,287.16,412.832
189,2025-11-17 10:09:24,293.776,409.808
190,2025-11-17 10:09:25,307.56,379.432
191,2025-11-17 10:09:26,293.176,428.256
192,2025-11-17 10:09:27,332.728,406.584
193,2025-11-17 10:09:28,372.536,427.304
194,2025-11-17 10:09:29,336.984,415.184
195,2025-11-17 10:09:30,299.176,406.568
196,2025-11-17 10:09:31,108.704,145.528
